-- ═══════════════════════════════════════════════════════════════
-- Grand Prix Hub — F1 2025 Season Data (Rounds 1-10 completed)
-- Next race: Round 11 — Austrian Grand Prix (29 Jun 2025)
-- Run AFTER schema.sql + schema_update.sql
-- ═══════════════════════════════════════════════════════════════

USE grand_prix_hub;
SET SQL_SAFE_UPDATES = 0;
SET FOREIGN_KEY_CHECKS = 0;

-- Clear existing data
TRUNCATE TABLE PENALTY;
TRUNCATE TABLE INCIDENT;
TRUNCATE TABLE PIT_STOP;
TRUNCATE TABLE LAP_TIME;
TRUNCATE TABLE `SESSION`;
TRUNCATE TABLE DRIVER_CONTRACT;
TRUNCATE TABLE CAR;
TRUNCATE TABLE RACE_WEEKEND;
TRUNCATE TABLE STEWARD;
TRUNCATE TABLE DRIVER;
TRUNCATE TABLE TEAM;

-- ── TEAMS ─────────────────────────────────────────────────────
INSERT INTO TEAM (TeamID, TeamName, BaseCountry, color, emoji) VALUES
  (1, 'McLaren Formula 1 Team', 'United Kingdom', '#FF8000', '🟠'),
  (2, 'Scuderia Ferrari', 'Italy', '#E8002D', '🔴'),
  (3, 'Oracle Red Bull Racing', 'Austria', '#3671C6', '🔵'),
  (4, 'Mercedes-AMG Petronas F1 Team', 'Germany', '#27F4D2', '🩵'),
  (5, 'Aston Martin Aramco F1 Team', 'United Kingdom', '#00A19C', '🟢'),
  (6, 'BWT Alpine F1 Team', 'France', '#0093CC', '🔵'),
  (7, 'Williams Racing', 'United Kingdom', '#64C4FF', '⚪'),
  (8, 'Visa Cash App RB F1 Team', 'Italy', '#6692FF', '🔵'),
  (9, 'MoneyGram Haas F1 Team', 'United States', '#B6BABD', '⚪'),
  (10, 'Stake F1 Team Kick Sauber', 'Switzerland', '#52E252', '🟢');

-- ── DRIVERS ───────────────────────────────────────────────────
INSERT INTO DRIVER (DriverID, DriverNumber, FirstName, LastName, Nationality, DOB, flag) VALUES
  (1, 4, 'Lando', 'Norris', 'British', '1999-11-13', '🇬🇧'),
  (2, 81, 'Oscar', 'Piastri', 'Australian', '2001-04-06', '🇦🇺'),
  (3, 16, 'Charles', 'Leclerc', 'Monégasque', '1997-10-16', '🇲🇨'),
  (4, 44, 'Lewis', 'Hamilton', 'British', '1985-01-07', '🇬🇧'),
  (5, 1, 'Max', 'Verstappen', 'Dutch', '1997-09-30', '🇳🇱'),
  (6, 22, 'Yuki', 'Tsunoda', 'Japanese', '2000-05-11', '🇯🇵'),
  (7, 63, 'George', 'Russell', 'British', '1998-02-15', '🇬🇧'),
  (8, 12, 'Kimi', 'Antonelli', 'Italian', '2006-08-25', '🇮🇹'),
  (9, 14, 'Fernando', 'Alonso', 'Spanish', '1981-07-29', '🇪🇸'),
  (10, 18, 'Lance', 'Stroll', 'Canadian', '1998-10-29', '🇨🇦'),
  (11, 10, 'Pierre', 'Gasly', 'French', '1996-02-07', '🇫🇷'),
  (12, 7, 'Jack', 'Doohan', 'Australian', '2003-01-20', '🇦🇺'),
  (13, 23, 'Alex', 'Albon', 'Thai', '1996-03-23', '🇹🇭'),
  (14, 55, 'Carlos', 'Sainz', 'Spanish', '1994-09-01', '🇪🇸'),
  (15, 6, 'Isack', 'Hadjar', 'French', '2004-09-28', '🇫🇷'),
  (16, 30, 'Liam', 'Lawson', 'New Zealander', '2002-02-11', '🇳🇿'),
  (17, 31, 'Esteban', 'Ocon', 'French', '1996-09-17', '🇫🇷'),
  (18, 87, 'Oliver', 'Bearman', 'British', '2005-05-08', '🇬🇧'),
  (19, 27, 'Nico', 'Hulkenberg', 'German', '1987-08-19', '🇩🇪'),
  (20, 5, 'Gabriel', 'Bortoleto', 'Brazilian', '2004-10-14', '🇧🇷');

-- ── DRIVER CONTRACTS (N:N junction: DRIVER ↔ TEAM) ─────────
INSERT INTO DRIVER_CONTRACT (DriverID, TeamID, StartDate, EndDate) VALUES
  (1, 1, '2025-01-01', '2025-12-31'),
  (2, 1, '2025-01-01', '2025-12-31'),
  (3, 2, '2025-01-01', '2025-12-31'),
  (4, 2, '2025-01-01', '2025-12-31'),
  (5, 3, '2025-01-01', '2025-12-31'),
  (6, 3, '2025-01-01', '2025-12-31'),
  (7, 4, '2025-01-01', '2025-12-31'),
  (8, 4, '2025-01-01', '2025-12-31'),
  (9, 5, '2025-01-01', '2025-12-31'),
  (10, 5, '2025-01-01', '2025-12-31'),
  (11, 6, '2025-01-01', '2025-12-31'),
  (12, 6, '2025-01-01', '2025-12-31'),
  (13, 7, '2025-01-01', '2025-12-31'),
  (14, 7, '2025-01-01', '2025-12-31'),
  (15, 8, '2025-01-01', '2025-12-31'),
  (16, 8, '2025-01-01', '2025-12-31'),
  (17, 9, '2025-01-01', '2025-12-31'),
  (18, 9, '2025-01-01', '2025-12-31'),
  (19, 10, '2025-01-01', '2025-12-31'),
  (20, 10, '2025-01-01', '2025-12-31');

-- ── CARS ─────────────────────────────────────────────────────
INSERT INTO CAR (TeamID, CarNumber, ChassisCode) VALUES
  (1, 4, 'MCL39'),
  (1, 81, 'MCL39B'),
  (2, 16, 'SF-25'),
  (2, 44, 'SF-25B'),
  (3, 1, 'RB21'),
  (3, 22, 'RB21B'),
  (4, 63, 'W16'),
  (4, 12, 'W16B'),
  (5, 14, 'AMR25'),
  (5, 18, 'AMR25B'),
  (6, 10, 'A525'),
  (6, 7, 'A525B'),
  (7, 23, 'FW47'),
  (7, 55, 'FW47B'),
  (8, 6, 'VCARB02'),
  (8, 30, 'VCARB02B'),
  (9, 31, 'VF-25'),
  (9, 87, 'VF-25B'),
  (10, 27, 'C45'),
  (10, 5, 'C45B');

-- ── STEWARDS ─────────────────────────────────────────────────
INSERT INTO STEWARD (StewardID, Name, Roll) VALUES
  (1, 'Garry Connelly',  'FIA Permanent Steward'),
  (2, 'Emanuele Pirro',  'Driver Steward'),
  (3, 'Derek Warwick',   'Head Steward');

-- ── 2025 RACE CALENDAR (all 24 rounds) ───────────────────────
INSERT INTO RACE_WEEKEND (WeekendID, name, circuit, StartDate, EndDate, flag) VALUES
  (1, 'Australian Grand Prix', 'Albert Park Circuit, Melbourne', '2025-03-14', '2025-03-16', '🇦🇺'),
  (2, 'Chinese Grand Prix', 'Shanghai International Circuit', '2025-03-21', '2025-03-23', '🇨🇳'),
  (3, 'Japanese Grand Prix', 'Suzuka International Racing Course', '2025-04-04', '2025-04-06', '🇯🇵'),
  (4, 'Bahrain Grand Prix', 'Bahrain International Circuit, Sakhir', '2025-04-11', '2025-04-13', '🇧🇭'),
  (5, 'Saudi Arabian Grand Prix', 'Jeddah Corniche Circuit', '2025-04-18', '2025-04-20', '🇸🇦'),
  (6, 'Miami Grand Prix', 'Miami International Autodrome', '2025-05-02', '2025-05-04', '🇺🇸'),
  (7, 'Emilia Romagna Grand Prix', 'Autodromo Enzo e Dino Ferrari, Imola', '2025-05-16', '2025-05-18', '🇮🇹'),
  (8, 'Monaco Grand Prix', 'Circuit de Monaco, Monte Carlo', '2025-05-23', '2025-05-25', '🇲🇨'),
  (9, 'Spanish Grand Prix', 'Circuit de Barcelona-Catalunya', '2025-05-30', '2025-06-01', '🇪🇸'),
  (10, 'Canadian Grand Prix', 'Circuit Gilles Villeneuve, Montreal', '2025-06-13', '2025-06-15', '🇨🇦'),
  (11, 'Austrian Grand Prix', 'Red Bull Ring, Spielberg', '2025-06-27', '2025-06-29', '🇦🇹'),
  (12, 'British Grand Prix', 'Silverstone Circuit', '2025-07-04', '2025-07-06', '🇬🇧'),
  (13, 'Belgian Grand Prix', 'Circuit de Spa-Francorchamps', '2025-07-25', '2025-07-27', '🇧🇪'),
  (14, 'Hungarian Grand Prix', 'Hungaroring, Budapest', '2025-08-01', '2025-08-03', '🇭🇺'),
  (15, 'Dutch Grand Prix', 'Circuit Zandvoort', '2025-08-29', '2025-08-31', '🇳🇱'),
  (16, 'Italian Grand Prix', 'Autodromo Nazionale Monza', '2025-09-05', '2025-09-07', '🇮🇹'),
  (17, 'Azerbaijan Grand Prix', 'Baku City Circuit', '2025-09-19', '2025-09-21', '🇦🇿'),
  (18, 'Singapore Grand Prix', 'Marina Bay Street Circuit', '2025-10-03', '2025-10-05', '🇸🇬'),
  (19, 'United States Grand Prix', 'Circuit of the Americas, Austin', '2025-10-17', '2025-10-19', '🇺🇸'),
  (20, 'Mexico City Grand Prix', 'Autodromo Hermanos Rodriguez', '2025-10-24', '2025-10-26', '🇲🇽'),
  (21, 'São Paulo Grand Prix', 'Autodromo Jose Carlos Pace, Interlagos', '2025-11-07', '2025-11-09', '🇧🇷'),
  (22, 'Las Vegas Grand Prix', 'Las Vegas Strip Circuit', '2025-11-20', '2025-11-22', '🇺🇸'),
  (23, 'Qatar Grand Prix', 'Lusail International Circuit', '2025-11-28', '2025-11-30', '🇶🇦'),
  (24, 'Abu Dhabi Grand Prix', 'Yas Marina Circuit', '2025-12-05', '2025-12-07', '🇦🇪');

-- ── SESSIONS (5 per weekend: FP1 FP2 FP3 Q R) ──────────────
INSERT INTO `SESSION` (SessionID, WeekendID, SessionType, SessionStartTime, SessionEndTime) VALUES
  (1, 1, 'Practice 1', '2025-03-14 11:30:00', '2025-03-14 12:30:00'),
  (2, 1, 'Practice 2', '2025-03-14 15:00:00', '2025-03-14 16:00:00'),
  (3, 1, 'Practice 3', '2025-03-15 11:30:00', '2025-03-15 12:30:00'),
  (4, 1, 'Qualifying', '2025-03-15 15:00:00', '2025-03-15 16:00:00'),
  (5, 1, 'Race', '2025-03-16 15:00:00', '2025-03-16 17:05:00'),
  (6, 2, 'Practice 1', '2025-03-21 11:30:00', '2025-03-21 12:30:00'),
  (7, 2, 'Practice 2', '2025-03-21 15:00:00', '2025-03-21 16:00:00'),
  (8, 2, 'Practice 3', '2025-03-22 11:30:00', '2025-03-22 12:30:00'),
  (9, 2, 'Qualifying', '2025-03-22 15:00:00', '2025-03-22 16:00:00'),
  (10, 2, 'Race', '2025-03-23 15:00:00', '2025-03-23 17:00:00'),
  (11, 3, 'Practice 1', '2025-04-04 11:30:00', '2025-04-04 12:30:00'),
  (12, 3, 'Practice 2', '2025-04-04 15:00:00', '2025-04-04 16:00:00'),
  (13, 3, 'Practice 3', '2025-04-05 11:30:00', '2025-04-05 12:30:00'),
  (14, 3, 'Qualifying', '2025-04-05 15:00:00', '2025-04-05 16:00:00'),
  (15, 3, 'Race', '2025-04-06 14:00:00', '2025-04-06 16:00:00'),
  (16, 4, 'Practice 1', '2025-04-11 11:30:00', '2025-04-11 12:30:00'),
  (17, 4, 'Practice 2', '2025-04-11 15:00:00', '2025-04-11 16:00:00'),
  (18, 4, 'Practice 3', '2025-04-12 11:30:00', '2025-04-12 12:30:00'),
  (19, 4, 'Qualifying', '2025-04-12 15:00:00', '2025-04-12 16:00:00'),
  (20, 4, 'Race', '2025-04-13 17:00:00', '2025-04-13 19:05:00'),
  (21, 5, 'Practice 1', '2025-04-18 11:30:00', '2025-04-18 12:30:00'),
  (22, 5, 'Practice 2', '2025-04-18 15:00:00', '2025-04-18 16:00:00'),
  (23, 5, 'Practice 3', '2025-04-19 11:30:00', '2025-04-19 12:30:00'),
  (24, 5, 'Qualifying', '2025-04-19 15:00:00', '2025-04-19 16:00:00'),
  (25, 5, 'Race', '2025-04-20 18:00:00', '2025-04-20 20:00:00'),
  (26, 6, 'Practice 1', '2025-05-02 11:30:00', '2025-05-02 12:30:00'),
  (27, 6, 'Practice 2', '2025-05-02 15:00:00', '2025-05-02 16:00:00'),
  (28, 6, 'Practice 3', '2025-05-03 11:30:00', '2025-05-03 12:30:00'),
  (29, 6, 'Qualifying', '2025-05-03 15:00:00', '2025-05-03 16:00:00'),
  (30, 6, 'Race', '2025-05-04 21:00:00', '2025-05-04 23:05:00'),
  (31, 7, 'Practice 1', '2025-05-16 11:30:00', '2025-05-16 12:30:00'),
  (32, 7, 'Practice 2', '2025-05-16 15:00:00', '2025-05-16 16:00:00'),
  (33, 7, 'Practice 3', '2025-05-17 11:30:00', '2025-05-17 12:30:00'),
  (34, 7, 'Qualifying', '2025-05-17 15:00:00', '2025-05-17 16:00:00'),
  (35, 7, 'Race', '2025-05-18 15:00:00', '2025-05-18 17:10:00'),
  (36, 8, 'Practice 1', '2025-05-23 11:30:00', '2025-05-23 12:30:00'),
  (37, 8, 'Practice 2', '2025-05-23 15:00:00', '2025-05-23 16:00:00'),
  (38, 8, 'Practice 3', '2025-05-24 11:30:00', '2025-05-24 12:30:00'),
  (39, 8, 'Qualifying', '2025-05-24 15:00:00', '2025-05-24 16:00:00'),
  (40, 8, 'Race', '2025-05-25 15:00:00', '2025-05-25 17:45:00'),
  (41, 9, 'Practice 1', '2025-05-30 11:30:00', '2025-05-30 12:30:00'),
  (42, 9, 'Practice 2', '2025-05-30 15:00:00', '2025-05-30 16:00:00'),
  (43, 9, 'Practice 3', '2025-05-31 11:30:00', '2025-05-31 12:30:00'),
  (44, 9, 'Qualifying', '2025-05-31 15:00:00', '2025-05-31 16:00:00'),
  (45, 9, 'Race', '2025-06-01 15:00:00', '2025-06-01 17:05:00'),
  (46, 10, 'Practice 1', '2025-06-13 11:30:00', '2025-06-13 12:30:00'),
  (47, 10, 'Practice 2', '2025-06-13 15:00:00', '2025-06-13 16:00:00'),
  (48, 10, 'Practice 3', '2025-06-14 11:30:00', '2025-06-14 12:30:00'),
  (49, 10, 'Qualifying', '2025-06-14 15:00:00', '2025-06-14 16:00:00'),
  (50, 10, 'Race', '2025-06-15 20:00:00', '2025-06-15 22:05:00'),
  (51, 11, 'Practice 1', '2025-06-27 11:30:00', '2025-06-27 12:30:00'),
  (52, 11, 'Practice 2', '2025-06-27 15:00:00', '2025-06-27 16:00:00'),
  (53, 11, 'Practice 3', '2025-06-28 11:30:00', '2025-06-28 12:30:00'),
  (54, 11, 'Qualifying', '2025-06-28 15:00:00', '2025-06-28 16:00:00'),
  (55, 11, 'Race', '2025-06-29 15:00:00', '2025-06-29 17:00:00'),
  (56, 12, 'Practice 1', '2025-07-04 11:30:00', '2025-07-04 12:30:00'),
  (57, 12, 'Practice 2', '2025-07-04 15:00:00', '2025-07-04 16:00:00'),
  (58, 12, 'Practice 3', '2025-07-05 11:30:00', '2025-07-05 12:30:00'),
  (59, 12, 'Qualifying', '2025-07-05 15:00:00', '2025-07-05 16:00:00'),
  (60, 12, 'Race', '2025-07-06 15:00:00', '2025-07-06 17:00:00'),
  (61, 13, 'Practice 1', '2025-07-25 11:30:00', '2025-07-25 12:30:00'),
  (62, 13, 'Practice 2', '2025-07-25 15:00:00', '2025-07-25 16:00:00'),
  (63, 13, 'Practice 3', '2025-07-26 11:30:00', '2025-07-26 12:30:00'),
  (64, 13, 'Qualifying', '2025-07-26 15:00:00', '2025-07-26 16:00:00'),
  (65, 13, 'Race', '2025-07-27 15:00:00', '2025-07-27 17:10:00'),
  (66, 14, 'Practice 1', '2025-08-01 11:30:00', '2025-08-01 12:30:00'),
  (67, 14, 'Practice 2', '2025-08-01 15:00:00', '2025-08-01 16:00:00'),
  (68, 14, 'Practice 3', '2025-08-02 11:30:00', '2025-08-02 12:30:00'),
  (69, 14, 'Qualifying', '2025-08-02 15:00:00', '2025-08-02 16:00:00'),
  (70, 14, 'Race', '2025-08-03 15:00:00', '2025-08-03 17:00:00'),
  (71, 15, 'Practice 1', '2025-08-29 11:30:00', '2025-08-29 12:30:00'),
  (72, 15, 'Practice 2', '2025-08-29 15:00:00', '2025-08-29 16:00:00'),
  (73, 15, 'Practice 3', '2025-08-30 11:30:00', '2025-08-30 12:30:00'),
  (74, 15, 'Qualifying', '2025-08-30 15:00:00', '2025-08-30 16:00:00'),
  (75, 15, 'Race', '2025-08-31 15:00:00', '2025-08-31 17:05:00'),
  (76, 16, 'Practice 1', '2025-09-05 11:30:00', '2025-09-05 12:30:00'),
  (77, 16, 'Practice 2', '2025-09-05 15:00:00', '2025-09-05 16:00:00'),
  (78, 16, 'Practice 3', '2025-09-06 11:30:00', '2025-09-06 12:30:00'),
  (79, 16, 'Qualifying', '2025-09-06 15:00:00', '2025-09-06 16:00:00'),
  (80, 16, 'Race', '2025-09-07 15:00:00', '2025-09-07 17:00:00'),
  (81, 17, 'Practice 1', '2025-09-19 11:30:00', '2025-09-19 12:30:00'),
  (82, 17, 'Practice 2', '2025-09-19 15:00:00', '2025-09-19 16:00:00'),
  (83, 17, 'Practice 3', '2025-09-20 11:30:00', '2025-09-20 12:30:00'),
  (84, 17, 'Qualifying', '2025-09-20 15:00:00', '2025-09-20 16:00:00'),
  (85, 17, 'Race', '2025-09-21 11:00:00', '2025-09-21 13:00:00'),
  (86, 18, 'Practice 1', '2025-10-03 11:30:00', '2025-10-03 12:30:00'),
  (87, 18, 'Practice 2', '2025-10-03 15:00:00', '2025-10-03 16:00:00'),
  (88, 18, 'Practice 3', '2025-10-04 11:30:00', '2025-10-04 12:30:00'),
  (89, 18, 'Qualifying', '2025-10-04 15:00:00', '2025-10-04 16:00:00'),
  (90, 18, 'Race', '2025-10-05 20:00:00', '2025-10-05 22:05:00'),
  (91, 19, 'Practice 1', '2025-10-17 11:30:00', '2025-10-17 12:30:00'),
  (92, 19, 'Practice 2', '2025-10-17 15:00:00', '2025-10-17 16:00:00'),
  (93, 19, 'Practice 3', '2025-10-18 11:30:00', '2025-10-18 12:30:00'),
  (94, 19, 'Qualifying', '2025-10-18 15:00:00', '2025-10-18 16:00:00'),
  (95, 19, 'Race', '2025-10-19 21:00:00', '2025-10-19 23:00:00'),
  (96, 20, 'Practice 1', '2025-10-24 11:30:00', '2025-10-24 12:30:00'),
  (97, 20, 'Practice 2', '2025-10-24 15:00:00', '2025-10-24 16:00:00'),
  (98, 20, 'Practice 3', '2025-10-25 11:30:00', '2025-10-25 12:30:00'),
  (99, 20, 'Qualifying', '2025-10-25 15:00:00', '2025-10-25 16:00:00'),
  (100, 20, 'Race', '2025-10-26 21:00:00', '2025-10-26 23:00:00'),
  (101, 21, 'Practice 1', '2025-11-07 11:30:00', '2025-11-07 12:30:00'),
  (102, 21, 'Practice 2', '2025-11-07 15:00:00', '2025-11-07 16:00:00'),
  (103, 21, 'Practice 3', '2025-11-08 11:30:00', '2025-11-08 12:30:00'),
  (104, 21, 'Qualifying', '2025-11-08 15:00:00', '2025-11-08 16:00:00'),
  (105, 21, 'Race', '2025-11-09 18:00:00', '2025-11-09 20:05:00'),
  (106, 22, 'Practice 1', '2025-11-20 11:30:00', '2025-11-20 12:30:00'),
  (107, 22, 'Practice 2', '2025-11-20 15:00:00', '2025-11-20 16:00:00'),
  (108, 22, 'Practice 3', '2025-11-21 11:30:00', '2025-11-21 12:30:00'),
  (109, 22, 'Qualifying', '2025-11-21 15:00:00', '2025-11-21 16:00:00'),
  (110, 22, 'Race', '2025-11-22 06:00:00', '2025-11-22 08:00:00'),
  (111, 23, 'Practice 1', '2025-11-28 11:30:00', '2025-11-28 12:30:00'),
  (112, 23, 'Practice 2', '2025-11-28 15:00:00', '2025-11-28 16:00:00'),
  (113, 23, 'Practice 3', '2025-11-29 11:30:00', '2025-11-29 12:30:00'),
  (114, 23, 'Qualifying', '2025-11-29 15:00:00', '2025-11-29 16:00:00'),
  (115, 23, 'Race', '2025-11-30 19:00:00', '2025-11-30 21:00:00'),
  (116, 24, 'Practice 1', '2025-12-05 11:30:00', '2025-12-05 12:30:00'),
  (117, 24, 'Practice 2', '2025-12-05 15:00:00', '2025-12-05 16:00:00'),
  (118, 24, 'Practice 3', '2025-12-06 11:30:00', '2025-12-06 12:30:00'),
  (119, 24, 'Qualifying', '2025-12-06 15:00:00', '2025-12-06 16:00:00'),
  (120, 24, 'Race', '2025-12-07 17:00:00', '2025-12-07 19:00:00');

-- ── LAP TIMES (completed races, key laps) ────────────────────
INSERT INTO LAP_TIME (SessionID, DriverID, LapNo, LapTime) VALUES
  (5, 2, 1, '1:23.426'),
  (5, 2, 2, '1:19.701'),
  (5, 2, 3, '1:19.822'),
  (5, 2, 5, '1:19.843'),
  (5, 2, 8, '1:20.110'),
  (5, 2, 12, '1:20.169'),
  (5, 2, 18, '1:20.379'),
  (5, 2, 25, '1:20.202'),
  (5, 2, 30, '1:20.439'),
  (5, 2, 35, '1:20.386'),
  (5, 2, 40, '1:20.565'),
  (5, 2, 45, '1:20.783'),
  (5, 2, 50, '1:20.695'),
  (5, 2, 55, '1:20.867'),
  (5, 2, 56, '1:21.069'),
  (5, 2, 57, '1:21.047'),
  (5, 2, 58, '1:20.938'),
  (5, 1, 1, '1:23.626'),
  (5, 1, 10, '1:20.401'),
  (5, 1, 20, '1:20.286'),
  (5, 1, 30, '1:20.813'),
  (5, 1, 40, '1:20.977'),
  (5, 1, 58, '1:21.206'),
  (5, 3, 1, '1:23.673'),
  (5, 3, 10, '1:20.680'),
  (5, 3, 20, '1:20.638'),
  (5, 3, 30, '1:20.748'),
  (5, 3, 40, '1:20.956'),
  (5, 3, 58, '1:21.629'),
  (5, 4, 1, '1:24.072'),
  (5, 4, 10, '1:20.840'),
  (5, 4, 20, '1:21.016'),
  (5, 4, 30, '1:21.145'),
  (5, 4, 40, '1:21.527'),
  (5, 4, 58, '1:21.661'),
  (5, 7, 1, '1:24.272'),
  (5, 7, 10, '1:21.069'),
  (5, 7, 20, '1:21.191'),
  (5, 7, 30, '1:21.495'),
  (5, 7, 40, '1:21.589'),
  (5, 7, 58, '1:22.012'),
  (5, 9, 1, '1:24.289'),
  (5, 9, 58, '1:22.041'),
  (5, 5, 1, '1:24.606'),
  (5, 5, 58, '1:22.202'),
  (5, 8, 1, '1:24.804'),
  (5, 8, 58, '1:22.430'),
  (5, 14, 1, '1:25.042'),
  (5, 14, 58, '1:22.864'),
  (5, 13, 1, '1:25.297'),
  (5, 13, 58, '1:22.978'),
  (10, 1, 1, '1:36.655'),
  (10, 1, 2, '1:33.200'),
  (10, 1, 3, '1:33.489'),
  (10, 1, 5, '1:33.416'),
  (10, 1, 8, '1:33.465'),
  (10, 1, 12, '1:33.376'),
  (10, 1, 18, '1:33.727'),
  (10, 1, 25, '1:33.651'),
  (10, 1, 30, '1:33.845'),
  (10, 1, 35, '1:34.196'),
  (10, 1, 40, '1:34.163'),
  (10, 1, 45, '1:34.237'),
  (10, 1, 50, '1:34.395'),
  (10, 1, 54, '1:34.544'),
  (10, 1, 55, '1:34.539'),
  (10, 1, 56, '1:34.342'),
  (10, 5, 1, '1:36.804'),
  (10, 5, 10, '1:33.610'),
  (10, 5, 20, '1:33.806'),
  (10, 5, 30, '1:33.997'),
  (10, 5, 40, '1:34.504'),
  (10, 5, 56, '1:34.821'),
  (10, 2, 1, '1:37.137'),
  (10, 2, 10, '1:33.966'),
  (10, 2, 20, '1:34.077'),
  (10, 2, 30, '1:34.499'),
  (10, 2, 40, '1:34.531'),
  (10, 2, 56, '1:34.796'),
  (10, 3, 1, '1:37.330'),
  (10, 3, 10, '1:34.149'),
  (10, 3, 20, '1:34.244'),
  (10, 3, 30, '1:34.587'),
  (10, 3, 40, '1:34.926'),
  (10, 3, 56, '1:35.070'),
  (10, 4, 1, '1:37.539'),
  (10, 4, 10, '1:34.543'),
  (10, 4, 20, '1:34.562'),
  (10, 4, 30, '1:34.609'),
  (10, 4, 40, '1:34.806'),
  (10, 4, 56, '1:35.174'),
  (10, 7, 1, '1:37.922'),
  (10, 7, 56, '1:35.667'),
  (10, 9, 1, '1:38.060'),
  (10, 9, 56, '1:35.595'),
  (10, 6, 1, '1:38.264'),
  (10, 6, 56, '1:36.188'),
  (10, 14, 1, '1:38.543'),
  (10, 14, 56, '1:36.398'),
  (10, 11, 1, '1:38.896'),
  (10, 11, 56, '1:36.235'),
  (15, 5, 1, '1:34.161'),
  (15, 5, 2, '1:30.668'),
  (15, 5, 3, '1:30.633'),
  (15, 5, 5, '1:30.570'),
  (15, 5, 8, '1:30.788'),
  (15, 5, 12, '1:30.666'),
  (15, 5, 18, '1:30.931'),
  (15, 5, 25, '1:31.098'),
  (15, 5, 30, '1:31.411'),
  (15, 5, 35, '1:31.493'),
  (15, 5, 40, '1:31.361'),
  (15, 5, 45, '1:31.569'),
  (15, 5, 50, '1:31.554'),
  (15, 5, 51, '1:31.870'),
  (15, 5, 52, '1:31.876'),
  (15, 5, 53, '1:31.669'),
  (15, 1, 1, '1:34.348'),
  (15, 1, 10, '1:31.040'),
  (15, 1, 20, '1:31.084'),
  (15, 1, 30, '1:31.554'),
  (15, 1, 40, '1:31.691'),
  (15, 1, 53, '1:32.081'),
  (15, 4, 1, '1:34.525'),
  (15, 4, 10, '1:31.017'),
  (15, 4, 20, '1:31.372'),
  (15, 4, 30, '1:31.477'),
  (15, 4, 40, '1:32.067'),
  (15, 4, 53, '1:32.341'),
  (15, 2, 1, '1:34.865'),
  (15, 2, 10, '1:31.359'),
  (15, 2, 20, '1:31.486'),
  (15, 2, 30, '1:32.040'),
  (15, 2, 40, '1:32.294'),
  (15, 2, 53, '1:32.244'),
  (15, 3, 1, '1:34.947'),
  (15, 3, 10, '1:31.484'),
  (15, 3, 20, '1:31.987'),
  (15, 3, 30, '1:32.216'),
  (15, 3, 40, '1:32.187'),
  (15, 3, 53, '1:32.620'),
  (15, 7, 1, '1:35.193'),
  (15, 7, 53, '1:32.756'),
  (15, 9, 1, '1:35.542'),
  (15, 9, 53, '1:33.039'),
  (15, 6, 1, '1:35.497'),
  (15, 6, 53, '1:33.306'),
  (15, 10, 1, '1:35.925'),
  (15, 10, 53, '1:33.390'),
  (15, 17, 1, '1:35.977'),
  (15, 17, 53, '1:33.928'),
  (20, 1, 1, '1:35.931'),
  (20, 1, 2, '1:32.367'),
  (20, 1, 3, '1:32.420'),
  (20, 1, 5, '1:32.304'),
  (20, 1, 8, '1:32.408'),
  (20, 1, 12, '1:32.538'),
  (20, 1, 18, '1:32.764'),
  (20, 1, 25, '1:32.768'),
  (20, 1, 30, '1:32.870'),
  (20, 1, 35, '1:32.915'),
  (20, 1, 40, '1:33.245'),
  (20, 1, 45, '1:33.189'),
  (20, 1, 50, '1:33.565'),
  (20, 1, 55, '1:33.652'),
  (20, 1, 56, '1:33.357'),
  (20, 1, 57, '1:33.445'),
  (20, 3, 1, '1:36.159'),
  (20, 3, 10, '1:32.666'),
  (20, 3, 20, '1:32.844'),
  (20, 3, 30, '1:33.376'),
  (20, 3, 40, '1:33.441'),
  (20, 3, 57, '1:33.759'),
  (20, 2, 1, '1:36.425'),
  (20, 2, 10, '1:33.124'),
  (20, 2, 20, '1:33.087'),
  (20, 2, 30, '1:33.260'),
  (20, 2, 40, '1:33.605'),
  (20, 2, 57, '1:33.959'),
  (20, 4, 1, '1:36.518'),
  (20, 4, 10, '1:33.312'),
  (20, 4, 20, '1:33.500'),
  (20, 4, 30, '1:33.835'),
  (20, 4, 40, '1:33.691'),
  (20, 4, 57, '1:34.171'),
  (20, 5, 1, '1:36.687'),
  (20, 5, 10, '1:33.585'),
  (20, 5, 20, '1:33.551'),
  (20, 5, 30, '1:33.738'),
  (20, 5, 40, '1:34.052'),
  (20, 5, 57, '1:34.399'),
  (20, 7, 1, '1:36.882'),
  (20, 7, 57, '1:34.550'),
  (20, 14, 1, '1:37.360'),
  (20, 14, 57, '1:34.847'),
  (20, 13, 1, '1:37.556'),
  (20, 13, 57, '1:35.110'),
  (20, 9, 1, '1:37.451'),
  (20, 9, 57, '1:35.510'),
  (20, 6, 1, '1:37.985'),
  (20, 6, 57, '1:35.718'),
  (25, 2, 1, '1:31.145'),
  (25, 2, 2, '1:27.637'),
  (25, 2, 3, '1:27.389'),
  (25, 2, 5, '1:27.564'),
  (25, 2, 8, '1:27.527'),
  (25, 2, 12, '1:27.698'),
  (25, 2, 18, '1:27.705'),
  (25, 2, 25, '1:28.002'),
  (25, 2, 30, '1:28.364'),
  (25, 2, 35, '1:28.196'),
  (25, 2, 40, '1:28.524'),
  (25, 2, 45, '1:28.512'),
  (25, 2, 48, '1:28.571'),
  (25, 2, 49, '1:28.809'),
  (25, 2, 50, '1:28.848'),
  (25, 1, 1, '1:31.216'),
  (25, 1, 10, '1:27.997'),
  (25, 1, 20, '1:28.012'),
  (25, 1, 30, '1:28.309'),
  (25, 1, 40, '1:28.817'),
  (25, 1, 50, '1:28.902'),
  (25, 7, 1, '1:31.431'),
  (25, 7, 10, '1:28.229'),
  (25, 7, 20, '1:28.193'),
  (25, 7, 30, '1:28.644'),
  (25, 7, 40, '1:28.851'),
  (25, 7, 50, '1:29.231'),
  (25, 5, 1, '1:31.497'),
  (25, 5, 10, '1:28.534'),
  (25, 5, 20, '1:28.422'),
  (25, 5, 30, '1:28.704'),
  (25, 5, 40, '1:29.108'),
  (25, 5, 50, '1:29.380'),
  (25, 3, 1, '1:31.748'),
  (25, 3, 10, '1:28.418'),
  (25, 3, 20, '1:28.966'),
  (25, 3, 30, '1:28.948'),
  (25, 3, 40, '1:29.328'),
  (25, 3, 50, '1:29.578'),
  (25, 4, 1, '1:32.042'),
  (25, 4, 50, '1:29.783'),
  (25, 9, 1, '1:32.303'),
  (25, 9, 50, '1:30.144'),
  (25, 14, 1, '1:32.396'),
  (25, 14, 50, '1:30.276'),
  (25, 6, 1, '1:32.629'),
  (25, 6, 50, '1:30.368'),
  (25, 15, 1, '1:33.023'),
  (25, 15, 50, '1:30.550'),
  (30, 1, 1, '1:33.698'),
  (30, 1, 2, '1:30.393'),
  (30, 1, 3, '1:30.142'),
  (30, 1, 5, '1:30.339'),
  (30, 1, 8, '1:30.618'),
  (30, 1, 12, '1:30.701'),
  (30, 1, 18, '1:30.458'),
  (30, 1, 25, '1:30.662'),
  (30, 1, 30, '1:30.788'),
  (30, 1, 35, '1:31.160'),
  (30, 1, 40, '1:31.244'),
  (30, 1, 45, '1:31.349'),
  (30, 1, 50, '1:31.250'),
  (30, 1, 55, '1:31.271'),
  (30, 1, 56, '1:31.562'),
  (30, 1, 57, '1:31.531'),
  (30, 2, 1, '1:34.036'),
  (30, 2, 10, '1:30.875'),
  (30, 2, 20, '1:30.953'),
  (30, 2, 30, '1:30.905'),
  (30, 2, 40, '1:31.439'),
  (30, 2, 57, '1:31.590'),
  (30, 3, 1, '1:34.276'),
  (30, 3, 10, '1:31.076'),
  (30, 3, 20, '1:30.965'),
  (30, 3, 30, '1:31.168'),
  (30, 3, 40, '1:31.375'),
  (30, 3, 57, '1:31.911'),
  (30, 4, 1, '1:34.340'),
  (30, 4, 10, '1:31.162'),
  (30, 4, 20, '1:31.418'),
  (30, 4, 30, '1:31.423'),
  (30, 4, 40, '1:31.806'),
  (30, 4, 57, '1:32.016'),
  (30, 5, 1, '1:34.646'),
  (30, 5, 10, '1:31.503'),
  (30, 5, 20, '1:31.689'),
  (30, 5, 30, '1:31.598'),
  (30, 5, 40, '1:31.942'),
  (30, 5, 57, '1:32.241'),
  (30, 7, 1, '1:34.672'),
  (30, 7, 57, '1:32.658'),
  (30, 9, 1, '1:35.146'),
  (30, 9, 57, '1:32.675'),
  (30, 14, 1, '1:35.408'),
  (30, 14, 57, '1:33.011'),
  (30, 6, 1, '1:35.502'),
  (30, 6, 57, '1:33.014'),
  (30, 10, 1, '1:35.581'),
  (30, 10, 57, '1:33.583'),
  (35, 3, 1, '1:21.531'),
  (35, 3, 2, '1:17.906'),
  (35, 3, 3, '1:18.041'),
  (35, 3, 5, '1:17.978'),
  (35, 3, 8, '1:17.862'),
  (35, 3, 12, '1:17.930'),
  (35, 3, 18, '1:18.116'),
  (35, 3, 25, '1:18.486'),
  (35, 3, 30, '1:18.540'),
  (35, 3, 35, '1:18.661'),
  (35, 3, 40, '1:18.771'),
  (35, 3, 45, '1:18.591'),
  (35, 3, 50, '1:18.702'),
  (35, 3, 55, '1:18.739'),
  (35, 3, 61, '1:19.124'),
  (35, 3, 62, '1:19.185'),
  (35, 3, 63, '1:19.013'),
  (35, 4, 1, '1:21.637'),
  (35, 4, 10, '1:18.122'),
  (35, 4, 20, '1:18.623'),
  (35, 4, 30, '1:18.787'),
  (35, 4, 40, '1:19.022'),
  (35, 4, 63, '1:19.394'),
  (35, 1, 1, '1:21.962'),
  (35, 1, 10, '1:18.290'),
  (35, 1, 20, '1:18.766'),
  (35, 1, 30, '1:18.794'),
  (35, 1, 40, '1:19.224'),
  (35, 1, 63, '1:19.611'),
  (35, 2, 1, '1:22.175'),
  (35, 2, 10, '1:18.825'),
  (35, 2, 20, '1:18.798'),
  (35, 2, 30, '1:19.196'),
  (35, 2, 40, '1:19.115'),
  (35, 2, 63, '1:19.859'),
  (35, 5, 1, '1:22.392'),
  (35, 5, 10, '1:18.809'),
  (35, 5, 20, '1:19.238'),
  (35, 5, 30, '1:19.286'),
  (35, 5, 40, '1:19.414'),
  (35, 5, 63, '1:20.048'),
  (35, 7, 1, '1:22.360'),
  (35, 7, 63, '1:19.959'),
  (35, 9, 1, '1:22.566'),
  (35, 9, 63, '1:20.301'),
  (35, 14, 1, '1:23.055'),
  (35, 14, 63, '1:20.777'),
  (35, 6, 1, '1:23.041'),
  (35, 6, 63, '1:20.867'),
  (35, 8, 1, '1:23.309'),
  (35, 8, 63, '1:21.222'),
  (40, 3, 1, '1:16.980'),
  (40, 3, 2, '1:13.656'),
  (40, 3, 3, '1:13.342'),
  (40, 3, 5, '1:13.715'),
  (40, 3, 8, '1:13.445'),
  (40, 3, 12, '1:13.820'),
  (40, 3, 18, '1:13.633'),
  (40, 3, 25, '1:13.678'),
  (40, 3, 30, '1:13.885'),
  (40, 3, 35, '1:14.080'),
  (40, 3, 40, '1:13.991'),
  (40, 3, 45, '1:14.185'),
  (40, 3, 50, '1:14.224'),
  (40, 3, 55, '1:14.250'),
  (40, 3, 76, '1:14.650'),
  (40, 3, 77, '1:14.537'),
  (40, 3, 78, '1:14.734'),
  (40, 2, 1, '1:16.986'),
  (40, 2, 10, '1:13.994'),
  (40, 2, 20, '1:13.993'),
  (40, 2, 30, '1:14.219'),
  (40, 2, 40, '1:14.382'),
  (40, 2, 78, '1:14.938'),
  (40, 9, 1, '1:17.351'),
  (40, 9, 10, '1:13.872'),
  (40, 9, 20, '1:14.263'),
  (40, 9, 30, '1:14.284'),
  (40, 9, 40, '1:14.431'),
  (40, 9, 78, '1:15.229'),
  (40, 4, 1, '1:17.713'),
  (40, 4, 10, '1:14.184'),
  (40, 4, 20, '1:14.341'),
  (40, 4, 30, '1:14.535'),
  (40, 4, 40, '1:14.686'),
  (40, 4, 78, '1:15.228'),
  (40, 1, 1, '1:17.696'),
  (40, 1, 10, '1:14.452'),
  (40, 1, 20, '1:14.814'),
  (40, 1, 30, '1:14.862'),
  (40, 1, 40, '1:15.107'),
  (40, 1, 78, '1:15.576'),
  (40, 5, 1, '1:17.986'),
  (40, 5, 78, '1:15.769'),
  (40, 7, 1, '1:18.086'),
  (40, 7, 78, '1:15.885'),
  (40, 14, 1, '1:18.477'),
  (40, 14, 78, '1:16.222'),
  (40, 10, 1, '1:18.787'),
  (40, 10, 78, '1:16.396'),
  (40, 13, 1, '1:18.922'),
  (40, 13, 78, '1:16.515'),
  (45, 1, 1, '1:19.757'),
  (45, 1, 2, '1:16.447'),
  (45, 1, 3, '1:16.423'),
  (45, 1, 5, '1:16.209'),
  (45, 1, 8, '1:16.229'),
  (45, 1, 12, '1:16.474'),
  (45, 1, 18, '1:16.630'),
  (45, 1, 25, '1:16.639'),
  (45, 1, 30, '1:16.923'),
  (45, 1, 35, '1:16.987'),
  (45, 1, 40, '1:17.046'),
  (45, 1, 45, '1:16.958'),
  (45, 1, 50, '1:17.039'),
  (45, 1, 55, '1:17.060'),
  (45, 1, 64, '1:17.312'),
  (45, 1, 65, '1:17.422'),
  (45, 1, 66, '1:17.590'),
  (45, 5, 1, '1:19.817'),
  (45, 5, 10, '1:16.618'),
  (45, 5, 20, '1:16.886'),
  (45, 5, 30, '1:16.893'),
  (45, 5, 40, '1:17.276'),
  (45, 5, 66, '1:17.668'),
  (45, 2, 1, '1:20.106'),
  (45, 2, 10, '1:16.934'),
  (45, 2, 20, '1:16.856'),
  (45, 2, 30, '1:17.336'),
  (45, 2, 40, '1:17.525'),
  (45, 2, 66, '1:17.733'),
  (45, 4, 1, '1:20.398'),
  (45, 4, 10, '1:16.962'),
  (45, 4, 20, '1:17.457'),
  (45, 4, 30, '1:17.463'),
  (45, 4, 40, '1:17.457'),
  (45, 4, 66, '1:18.010'),
  (45, 3, 1, '1:20.788'),
  (45, 3, 10, '1:17.294'),
  (45, 3, 20, '1:17.614'),
  (45, 3, 30, '1:17.742'),
  (45, 3, 40, '1:18.052'),
  (45, 3, 66, '1:18.368'),
  (45, 7, 1, '1:21.048'),
  (45, 7, 66, '1:18.707'),
  (45, 9, 1, '1:21.133'),
  (45, 9, 66, '1:18.858'),
  (45, 14, 1, '1:21.310'),
  (45, 14, 66, '1:19.122'),
  (45, 6, 1, '1:21.547'),
  (45, 6, 66, '1:19.369'),
  (45, 8, 1, '1:21.846'),
  (45, 8, 66, '1:19.420'),
  (50, 5, 1, '1:17.071'),
  (50, 5, 2, '1:13.583'),
  (50, 5, 3, '1:13.756'),
  (50, 5, 5, '1:13.842'),
  (50, 5, 8, '1:13.796'),
  (50, 5, 12, '1:13.906'),
  (50, 5, 18, '1:13.868'),
  (50, 5, 25, '1:13.910'),
  (50, 5, 30, '1:14.079'),
  (50, 5, 35, '1:14.159'),
  (50, 5, 40, '1:14.264'),
  (50, 5, 45, '1:14.437'),
  (50, 5, 50, '1:14.362'),
  (50, 5, 55, '1:14.485'),
  (50, 5, 68, '1:14.893'),
  (50, 5, 69, '1:14.915'),
  (50, 5, 70, '1:14.676'),
  (50, 1, 1, '1:17.350'),
  (50, 1, 10, '1:14.058'),
  (50, 1, 20, '1:14.179'),
  (50, 1, 30, '1:14.267'),
  (50, 1, 40, '1:14.524'),
  (50, 1, 70, '1:15.232'),
  (50, 7, 1, '1:17.641'),
  (50, 7, 10, '1:14.340'),
  (50, 7, 20, '1:14.576'),
  (50, 7, 30, '1:14.711'),
  (50, 7, 40, '1:14.728'),
  (50, 7, 70, '1:15.092'),
  (50, 4, 1, '1:17.768'),
  (50, 4, 10, '1:14.583'),
  (50, 4, 20, '1:14.794'),
  (50, 4, 30, '1:15.006'),
  (50, 4, 40, '1:14.963'),
  (50, 4, 70, '1:15.609'),
  (50, 2, 1, '1:18.066'),
  (50, 2, 10, '1:14.743'),
  (50, 2, 20, '1:14.761'),
  (50, 2, 30, '1:14.932'),
  (50, 2, 40, '1:15.190'),
  (50, 2, 70, '1:15.542'),
  (50, 3, 1, '1:18.202'),
  (50, 3, 70, '1:16.022'),
  (50, 9, 1, '1:18.449'),
  (50, 9, 70, '1:16.036'),
  (50, 14, 1, '1:18.694'),
  (50, 14, 70, '1:16.241'),
  (50, 6, 1, '1:18.976'),
  (50, 6, 70, '1:16.421'),
  (50, 15, 1, '1:19.105'),
  (50, 15, 70, '1:16.856');

-- ── PIT STOPS (2 per race per top-10 driver) ─────────────────
INSERT INTO PIT_STOP (SessionID, DriverID, PitNo, LapNo, DurationMS, TyreCompound) VALUES
  (5, 2, 1, 17, 2193, 'Medium'),
  (5, 2, 2, 42, 2242, 'Hard'),
  (5, 1, 1, 15, 2509, 'Medium'),
  (5, 1, 2, 40, 2419, 'Hard'),
  (5, 3, 1, 18, 2249, 'Medium'),
  (5, 3, 2, 43, 2643, 'Hard'),
  (5, 4, 1, 19, 2416, 'Medium'),
  (5, 4, 2, 41, 2293, 'Hard'),
  (5, 7, 1, 16, 2205, 'Medium'),
  (5, 7, 2, 44, 2333, 'Hard'),
  (5, 9, 1, 20, 2374, 'Medium'),
  (5, 9, 2, 45, 2367, 'Hard'),
  (5, 5, 1, 18, 2288, 'Medium'),
  (5, 5, 2, 42, 2432, 'Hard'),
  (5, 8, 1, 21, 2347, 'Medium'),
  (5, 8, 2, 46, 2372, 'Hard'),
  (5, 14, 1, 17, 2569, 'Medium'),
  (5, 14, 2, 43, 2650, 'Hard'),
  (5, 13, 1, 15, 2374, 'Medium'),
  (5, 13, 2, 40, 2342, 'Hard'),
  (10, 1, 1, 15, 2565, 'Medium'),
  (10, 1, 2, 38, 2687, 'Hard'),
  (10, 5, 1, 16, 2605, 'Medium'),
  (10, 5, 2, 39, 2415, 'Hard'),
  (10, 2, 1, 14, 2309, 'Medium'),
  (10, 2, 2, 37, 2627, 'Hard'),
  (10, 3, 1, 17, 2221, 'Medium'),
  (10, 3, 2, 40, 2440, 'Hard'),
  (10, 4, 1, 18, 2189, 'Medium'),
  (10, 4, 2, 41, 2583, 'Hard'),
  (10, 7, 1, 19, 2456, 'Medium'),
  (10, 7, 2, 42, 2226, 'Hard'),
  (10, 9, 1, 16, 2359, 'Medium'),
  (10, 9, 2, 38, 2314, 'Hard'),
  (10, 6, 1, 20, 2512, 'Medium'),
  (10, 6, 2, 43, 2235, 'Hard'),
  (10, 14, 1, 15, 2579, 'Medium'),
  (10, 14, 2, 39, 2690, 'Hard'),
  (10, 11, 1, 14, 2513, 'Medium'),
  (10, 11, 2, 36, 2220, 'Hard'),
  (15, 5, 1, 14, 2566, 'Soft'),
  (15, 5, 2, 36, 2215, 'Medium'),
  (15, 1, 1, 15, 2306, 'Soft'),
  (15, 1, 2, 37, 2302, 'Medium'),
  (15, 4, 1, 16, 2609, 'Soft'),
  (15, 4, 2, 38, 2210, 'Medium'),
  (15, 2, 1, 17, 2498, 'Soft'),
  (15, 2, 2, 39, 2278, 'Medium'),
  (15, 3, 1, 13, 2302, 'Soft'),
  (15, 3, 2, 35, 2264, 'Medium'),
  (15, 7, 1, 18, 2422, 'Soft'),
  (15, 7, 2, 40, 2542, 'Medium'),
  (15, 9, 1, 14, 2238, 'Soft'),
  (15, 9, 2, 36, 2488, 'Medium'),
  (15, 6, 1, 19, 2291, 'Soft'),
  (15, 6, 2, 41, 2438, 'Medium'),
  (15, 10, 1, 15, 2538, 'Soft'),
  (15, 10, 2, 37, 2331, 'Medium'),
  (15, 17, 1, 16, 2572, 'Soft'),
  (15, 17, 2, 38, 2388, 'Medium'),
  (20, 1, 1, 16, 2265, 'Medium'),
  (20, 1, 2, 40, 2510, 'Hard'),
  (20, 3, 1, 17, 2490, 'Medium'),
  (20, 3, 2, 41, 2693, 'Hard'),
  (20, 2, 1, 15, 2562, 'Medium'),
  (20, 2, 2, 39, 2567, 'Hard'),
  (20, 4, 1, 18, 2238, 'Medium'),
  (20, 4, 2, 42, 2598, 'Hard'),
  (20, 5, 1, 19, 2599, 'Medium'),
  (20, 5, 2, 43, 2283, 'Hard'),
  (20, 7, 1, 20, 2339, 'Medium'),
  (20, 7, 2, 44, 2255, 'Hard'),
  (20, 14, 1, 16, 2476, 'Medium'),
  (20, 14, 2, 40, 2213, 'Hard'),
  (20, 13, 1, 17, 2339, 'Medium'),
  (20, 13, 2, 41, 2494, 'Hard'),
  (20, 9, 1, 15, 2526, 'Medium'),
  (20, 9, 2, 38, 2664, 'Hard'),
  (20, 6, 1, 18, 2372, 'Medium'),
  (20, 6, 2, 43, 2403, 'Hard'),
  (25, 2, 1, 13, 2546, 'Soft'),
  (25, 2, 2, 35, 2301, 'Hard'),
  (25, 1, 1, 12, 2218, 'Soft'),
  (25, 1, 2, 33, 2503, 'Hard'),
  (25, 7, 1, 14, 2533, 'Soft'),
  (25, 7, 2, 36, 2625, 'Hard'),
  (25, 5, 1, 15, 2501, 'Soft'),
  (25, 5, 2, 37, 2324, 'Hard'),
  (25, 3, 1, 13, 2232, 'Soft'),
  (25, 3, 2, 34, 2556, 'Hard'),
  (25, 4, 1, 16, 2575, 'Soft'),
  (25, 4, 2, 38, 2354, 'Hard'),
  (25, 9, 1, 14, 2615, 'Soft'),
  (25, 9, 2, 35, 2550, 'Hard'),
  (25, 14, 1, 17, 2487, 'Soft'),
  (25, 14, 2, 39, 2612, 'Hard'),
  (25, 6, 1, 12, 2241, 'Soft'),
  (25, 6, 2, 33, 2607, 'Hard'),
  (25, 15, 1, 13, 2469, 'Soft'),
  (25, 15, 2, 36, 2600, 'Hard'),
  (30, 1, 1, 15, 2201, 'Medium'),
  (30, 1, 2, 38, 2377, 'Hard'),
  (30, 2, 1, 16, 2452, 'Medium'),
  (30, 2, 2, 39, 2419, 'Hard'),
  (30, 3, 1, 14, 2518, 'Medium'),
  (30, 3, 2, 37, 2389, 'Hard'),
  (30, 4, 1, 17, 2215, 'Medium'),
  (30, 4, 2, 40, 2459, 'Hard'),
  (30, 5, 1, 18, 2511, 'Medium'),
  (30, 5, 2, 41, 2374, 'Hard'),
  (30, 7, 1, 19, 2186, 'Medium'),
  (30, 7, 2, 42, 2634, 'Hard'),
  (30, 9, 1, 15, 2395, 'Medium'),
  (30, 9, 2, 38, 2621, 'Hard'),
  (30, 14, 1, 20, 2430, 'Medium'),
  (30, 14, 2, 43, 2254, 'Hard'),
  (30, 6, 1, 16, 2401, 'Medium'),
  (30, 6, 2, 39, 2691, 'Hard'),
  (30, 10, 1, 17, 2365, 'Medium'),
  (30, 10, 2, 40, 2525, 'Hard'),
  (35, 3, 1, 18, 2636, 'Medium'),
  (35, 3, 2, 44, 2624, 'Hard'),
  (35, 4, 1, 17, 2415, 'Medium'),
  (35, 4, 2, 43, 2562, 'Hard'),
  (35, 1, 1, 19, 2258, 'Medium'),
  (35, 1, 2, 45, 2422, 'Hard'),
  (35, 2, 1, 20, 2270, 'Medium'),
  (35, 2, 2, 46, 2575, 'Hard'),
  (35, 5, 1, 16, 2447, 'Medium'),
  (35, 5, 2, 42, 2694, 'Hard'),
  (35, 7, 1, 21, 2513, 'Medium'),
  (35, 7, 2, 47, 2338, 'Hard'),
  (35, 9, 1, 18, 2495, 'Medium'),
  (35, 9, 2, 44, 2613, 'Hard'),
  (35, 14, 1, 22, 2650, 'Medium'),
  (35, 14, 2, 48, 2475, 'Hard'),
  (35, 6, 1, 17, 2576, 'Medium'),
  (35, 6, 2, 43, 2447, 'Hard'),
  (35, 8, 1, 19, 2418, 'Medium'),
  (35, 8, 2, 45, 2423, 'Hard'),
  (40, 3, 1, 25, 2602, 'Medium'),
  (40, 3, 2, 55, 2574, 'Hard'),
  (40, 2, 1, 24, 2483, 'Medium'),
  (40, 2, 2, 52, 2337, 'Hard'),
  (40, 9, 1, 26, 2345, 'Medium'),
  (40, 9, 2, 56, 2636, 'Hard'),
  (40, 4, 1, 27, 2305, 'Medium'),
  (40, 4, 2, 57, 2625, 'Hard'),
  (40, 1, 1, 23, 2224, 'Medium'),
  (40, 1, 2, 51, 2342, 'Hard'),
  (40, 5, 1, 28, 2631, 'Medium'),
  (40, 5, 2, 58, 2430, 'Hard'),
  (40, 7, 1, 24, 2304, 'Medium'),
  (40, 7, 2, 53, 2584, 'Hard'),
  (40, 14, 1, 29, 2417, 'Medium'),
  (40, 14, 2, 59, 2491, 'Hard'),
  (40, 10, 1, 25, 2492, 'Medium'),
  (40, 10, 2, 55, 2542, 'Hard'),
  (40, 13, 1, 26, 2374, 'Medium'),
  (40, 13, 2, 56, 2372, 'Hard'),
  (45, 1, 1, 20, 2194, 'Soft'),
  (45, 1, 2, 46, 2453, 'Medium'),
  (45, 5, 1, 19, 2615, 'Soft'),
  (45, 5, 2, 45, 2366, 'Medium'),
  (45, 2, 1, 21, 2273, 'Soft'),
  (45, 2, 2, 47, 2449, 'Medium'),
  (45, 4, 1, 22, 2288, 'Soft'),
  (45, 4, 2, 48, 2381, 'Medium'),
  (45, 3, 1, 18, 2588, 'Soft'),
  (45, 3, 2, 44, 2332, 'Medium'),
  (45, 7, 1, 23, 2354, 'Soft'),
  (45, 7, 2, 49, 2343, 'Medium'),
  (45, 9, 1, 20, 2630, 'Soft'),
  (45, 9, 2, 46, 2505, 'Medium'),
  (45, 14, 1, 24, 2539, 'Soft'),
  (45, 14, 2, 50, 2650, 'Medium'),
  (45, 6, 1, 19, 2321, 'Soft'),
  (45, 6, 2, 45, 2484, 'Medium'),
  (45, 8, 1, 21, 2185, 'Soft'),
  (45, 8, 2, 47, 2464, 'Medium'),
  (50, 5, 1, 22, 2277, 'Medium'),
  (50, 5, 2, 50, 2243, 'Hard'),
  (50, 1, 1, 21, 2303, 'Medium'),
  (50, 1, 2, 49, 2568, 'Hard'),
  (50, 7, 1, 23, 2388, 'Medium'),
  (50, 7, 2, 51, 2450, 'Hard'),
  (50, 4, 1, 24, 2464, 'Medium'),
  (50, 4, 2, 52, 2588, 'Hard'),
  (50, 2, 1, 20, 2303, 'Medium'),
  (50, 2, 2, 48, 2553, 'Hard'),
  (50, 3, 1, 25, 2423, 'Medium'),
  (50, 3, 2, 53, 2530, 'Hard'),
  (50, 9, 1, 22, 2544, 'Medium'),
  (50, 9, 2, 50, 2451, 'Hard'),
  (50, 14, 1, 26, 2409, 'Medium'),
  (50, 14, 2, 54, 2605, 'Hard'),
  (50, 6, 1, 21, 2188, 'Medium'),
  (50, 6, 2, 49, 2247, 'Hard'),
  (50, 15, 1, 23, 2330, 'Medium'),
  (50, 15, 2, 51, 2313, 'Hard');

-- ── INCIDENTS (2 per race) ────────────────────────────────────
INSERT INTO INCIDENT (SessionID, DriverID, LapNo, Description, Severity) VALUES
  (5, 5, 12, 'Track limits violation at Turn 6 — Car #1 gained advantage', 'Low'),
  (5, 8, 28, 'Unsafe release from pit lane — Car #12 rejoined unsafely', 'High'),
  (10, 6, 8, 'Contact with Car #7 at Turn 1 on lap 8', 'Medium'),
  (10, 12, 34, 'Exceeding track limits on multiple occasions at Turn 16', 'Low'),
  (15, 10, 5, 'Collision at Spoon Curve — Car #18 into Car #31', 'High'),
  (15, 4, 41, 'Unsafe pit release, Car #44 rejoined dangerously', 'Medium'),
  (20, 16, 3, 'Contact between Car #30 and Car #23 at Turn 4', 'Medium'),
  (20, 11, 52, 'Persistent track limits violations — 3 infringements', 'Low'),
  (25, 9, 7, 'Collision — Car #14 moved under braking at Turn 1', 'High'),
  (25, 17, 32, 'Unsafe pit exit at low speed chicane', 'Medium'),
  (30, 8, 11, 'Weaving under braking — Car #12 defensive manoeuvre', 'Low'),
  (30, 13, 44, 'Contact in Turn 11 chicane — Car #23 vs Car #27', 'Medium'),
  (35, 6, 9, 'Collision at Tamburello — Car #22 spun into barriers', 'High'),
  (35, 2, 58, 'Track limits at Variante Alta — 4 infringements', 'Low'),
  (40, 14, 31, 'Collision in the tunnel — Car #55 damaged front wing', 'Medium'),
  (40, 7, 62, 'Failing to respect blue flags — Car #63 impeded leader', 'Low'),
  (45, 10, 14, 'Collision at Turn 5 — Car #18 lost control', 'High'),
  (45, 20, 49, 'Multiple track limits violations at Turn 4', 'Low'),
  (50, 4, 6, 'Contact at Turn 1 — Car #44 ran wide into Car #16', 'Medium'),
  (50, 17, 55, 'Unsafe pit release at hairpin pit exit', 'High');

-- ── PENALTIES (linked to incidents via IncidentID) ─────────
INSERT INTO PENALTY (IncidentID, DriverID, PenaltyType, PenaltyValue, Status) VALUES
  (2, 8, 'Time Penalty', '5 seconds', 'Applied'),
  (3, 6, 'Time Penalty', '5 seconds', 'Applied'),
  (5, 10, 'Time Penalty', '10 seconds', 'Applied'),
  (6, 4, 'Time Penalty', '5 seconds', 'Applied'),
  (7, 16, 'Time Penalty', '5 seconds', 'Applied'),
  (9, 9, 'Grid Penalty', '3 places', 'Applied'),
  (12, 13, 'Time Penalty', '5 seconds', 'Applied'),
  (13, 6, 'Reprimand', '—', 'Applied'),
  (15, 14, 'Time Penalty', '5 seconds', 'Applied'),
  (17, 10, 'Time Penalty', '10 seconds', 'Applied'),
  (19, 4, 'Time Penalty', '5 seconds', 'Applied'),
  (20, 17, 'Time Penalty', '5 seconds', 'Applied');

SET SQL_SAFE_UPDATES = 1;
SET FOREIGN_KEY_CHECKS = 1;

-- ── Verify ─────────────────────────────────────────────────
SELECT COUNT(*) AS teams         FROM `TEAM`;
SELECT COUNT(*) AS drivers       FROM `DRIVER`;
SELECT COUNT(*) AS race_weekends FROM `RACE_WEEKEND`;
SELECT COUNT(*) AS sessions      FROM `SESSION`;
SELECT COUNT(*) AS lap_times     FROM `LAP_TIME`;
SELECT COUNT(*) AS pit_stops     FROM `PIT_STOP`;
SELECT COUNT(*) AS incidents     FROM `INCIDENT`;
SELECT COUNT(*) AS penalties     FROM `PENALTY`;